-- * userAccount x100 ------------------------------------------------------------

INSERT INTO userAccount
(id, username,	password,	avatar,	vip,	admin)	VALUES
  ('623f144c66c804651a311f54', 'Tyler Pope','BBA841C6-383F-5919-5654-BF4AD64E4731','https://guardian.co.uk','true','true'), --! This is test
  ('625569c97e504a6c3b71a25c','Tobias Delgado','B4043956-B683-16DD-9EC8-018D63BFB6E1','https://nytimes.com','true','true'), --! This is test2
  ('62556bea115616412127d595','Gay Buckley','B2E5FDDD-8436-4EE4-FB44-3228FCA54C77','http://nytimes.com','true','true'), --! This is test3
  ('g5f8s2x8u6J6W8I3H2H32869','Dominic Stokes','BF90C524-91C3-B379-616E-978012245B94','https://facebook.com','false','true'),
  ('b7m1g8y9g8T0R7S1V3N15682','Isaac Randall','B97A8E4E-43BE-5A7B-5B8C-AF591794D57E','http://ebay.com','false','false'),
  ('u4f4i1t2f5W7F4R0D3B23182','Yuli Carr','59AB64D3-7BE6-255C-0921-3AF224DCD49C','http://walmart.com','true','false'),
  ('e3e2d5x1l1P5C6M3Y1E57886','Armand Cabrera','40761CE6-2BE5-3D22-DA0F-293FC4587D2D','http://yahoo.com','false','false'),
  ('w2b9j9f2x1G3T4I1F4D13757','Veronica Ratliff','62A59376-749B-6DFC-CE76-9353384ED13B','https://facebook.com','true','true'),
  ('a1c1l0k8j5X5H0W6X8K70298','Simone Lee','0755F45B-D2F4-6D39-B4F5-3C6D0E3D0F54','http://twitter.com','false','true'),
  ('j8t1p3z2f8H1T9O5E1Q21306','Ezekiel Roach','06621742-BB88-A85A-19AC-EA7828DCD66A','http://twitter.com','true','true');
INSERT INTO userAccount
(id, username,	password,	avatar,	vip,	admin)	VALUES
  ('x9e8d3m2p4U1J1Q1K5Z17856','Ezekiel Graves','A0A49637-A561-0B42-BF97-7B2BD5E147A5','https://youtube.com','false','true'),
  ('g2j3r0l9q6E7M4E7Q5X15144','Keegan Larsen','E8844A6A-CE62-D5C2-339C-64EB9C1A5224','https://baidu.com','false','true'),
  ('p4s3u5f1t8B3F1Z3G2G92978','Velma Martinez','879A0FF6-A167-41A2-2130-B6E17AC9CC35','http://baidu.com','true','true'),
  ('x7h4m1w6q6Y0V8X6J6R29161','Oren Atkinson','D7F4D31B-7247-7D26-54AA-D3E71856E043','http://baidu.com','true','true'),
  ('r8a9u8t9q2I4Y3R3Z2T61181','Kessie Wiggins','D435D728-68FC-BE6D-DB96-95B9A6FF72B8','https://whatsapp.com','true','true'),
  ('j1w5g6g5w7E7N7C5I2T00250','Camilla Knox','8BC2A991-EC7D-9D1D-81AC-A323D18DDB7F','http://zoom.us','false','false'),
  ('r6j9c1u2q1E7Q2H4V5P62157','Adrienne Zamora','5F6F9D96-B66A-BA9E-90C5-B0A022B89A48','http://netflix.com','true','true'),
  ('f1x4v8d8g4B8R6H1S9Y17031','Laurel Conner','8DBC86B9-48E3-4339-96A5-8D1DC0E4C910','http://wikipedia.org','true','false'),
  ('n1p0k2t5x6O9F5W3Y0B44291','Brenna Henry','7123CA55-E25E-6ABD-BCB5-3B1D56280C13','http://baidu.com','true','false'),
  ('b2h4d8t3m9L1O1G5O2P53363','Anika Justice','2B87C7A4-882C-E56D-B7A8-D23854CB2366','https://bbc.co.uk','true','true');
INSERT INTO userAccount
(id, username,	password,	avatar,	vip,	admin)	VALUES
  ('i7i6d6d3n2C7X4N5H2V91625','Jada Burnett','4EAEFEE2-D75A-DF5E-BBB0-27E03763DAA3','https://instagram.com','true','true'),
  ('w6l6h6c4b1E9I0D7V8B54893','Kenyon Mayo','64712F63-C140-5B86-627C-85C91293CF2E','https://walmart.com','false','false'),
  ('c9h5w1o8b8K3H2S8G4R75472','Nissim Silva','E47FC42D-0C77-9884-BD62-33315BDAC56A','https://wikipedia.org','true','true'),
  ('f4d4s8t3r6M6T4J7D7I47375','Kerry Witt','835FBB9C-843B-997E-A366-E39B4B378D66','http://twitter.com','false','true'),
  ('n2k8v3m8e5K8V7J7Q3O17557','Lila Macias','89B59E67-94A4-C578-A92C-66CF6115A1C8','http://walmart.com','false','false'),
  ('v2y1b4g8q5P5A4N6G3K60576','Amela Santiago','5F1B9714-5B89-D6BB-381B-A6529E30CA18','http://youtube.com','true','false'),
  ('e1g6h4s6p5E8G7F1I4B10786','Julie Pacheco','CAC4E6D1-F37D-61EE-9236-D26EC8E496C9','http://twitter.com','true','false'),
  ('f5k3i7l8m1K7X1V5D6N25351','Gary Bowers','C4FAAEEC-1941-6BA0-D6C3-1642BAAEA7DD','https://netflix.com','false','false'),
  ('k4b7l6g6g9F3J7J9S8N74274','Riley Huber','76FB6899-34FF-3557-A7B8-D5D78EBFD335','http://naver.com','false','true'),
  ('o3y0z9g5d8O0T5K9Z7C60842','Yael Johns','86EA9171-1F39-B627-242A-59E766CA895A','http://twitter.com','true','true');
INSERT INTO userAccount
(id, username,	password,	avatar,	vip,	admin)	VALUES
  ('k6p2f0c5u7B2V2Q2R7W41867','Clarke Sykes','28C1A01D-9AAD-4954-A833-25392D78D915','http://youtube.com','true','true'),
  ('i3v5o5b6j3I3B3V3M9F80581','Thor Patrick','68B588EF-CD9E-6048-DF68-82E90F92CBF1','https://instagram.com','true','true'),
  ('t3e0a4c0k1S3K3M5M3K85673','Ocean Bowen','E6463D9A-1C74-B93B-2BA2-94DE904ED7F8','http://reddit.com','false','false'),
  ('m4b2o4w4y5W5Y4F8D6N26174','Hu Hartman','3F883E72-36E3-11EE-1ED6-E965EDBBB556','http://twitter.com','true','false'),
  ('c3o8v5y5j7O2P6I3P1M78777','Kristen Figueroa','888B3CE3-D8E7-871D-CB1E-61BBF6D71364','http://reddit.com','true','true'),
  ('y7a7c3o9v2W6K1P8L3T56622','Rose Burnett','17957173-8D03-2B39-D947-041C3C8257A3','http://youtube.com','false','true'),
  ('i5z7o7g2x6Z4G0S3R1L40156','Scarlet Richards','BA23E3AA-8D25-D8A1-0401-DC3AF47829AE','http://whatsapp.com','false','false'),
  ('c3g6q6a7c4E4P6Q7Q1Q02514','Alan Cooper','7DD3C82B-717E-5EC6-99E6-99A87AD941A3','http://whatsapp.com','true','false'),
  ('u4m7h8c5i7R4F1O7I6U64978','Autumn Raymond','E4EA76E5-5E86-969F-6D97-72DDC3FD1A23','http://youtube.com','false','true'),
  ('a7r2i5b0i2W4M2P5L9O82341','Janna Macdonald','EC3D6C7A-5D24-230C-556D-3C7EC3429CE6','https://walmart.com','false','true');
INSERT INTO userAccount
(id, username,	password,	avatar,	vip,	admin)	VALUES
  ('e4y4w8o5j9H5F4N4Y3D12943','Juliet Alexander','9E6ABDBE-E7D1-1C52-C0A5-CE3E8E496CE7','http://bbc.co.uk','false','true'),
  ('p6e4e2d1p2Q1J5P5Z4G77221','Josiah Vaughan','3D047C83-A88D-1CC5-E2CE-EFD17ACD9991','http://google.com','false','true'),
  ('c4h9j8l4c9K4U5G1G0J67165','Wyatt Banks','E3B78DEE-B93A-262A-D295-2946BE323BC9','http://reddit.com','true','true'),
  ('b0k4n1t7q7D8Y7V0J7E19874','Imani Salinas','78568BC7-6D98-6BD7-5B13-B042712A66D7','https://yahoo.com','true','true'),
  ('e1w7b9y2l7B1N2V5W3V75999','Ciaran Mclaughlin','44BD16DC-3B12-31EB-61F7-EB12F84C3805','http://yahoo.com','false','false'),
  ('k9o6k8j6w5C8F2F1J6R02587','TaShya Collier','178C242C-E898-704D-A686-1D2FF7A56043','https://bbc.co.uk','true','false'),
  ('g6l6k4m3v6M3U2H8G7X70111','Luke Randolph','988BBD12-2EC6-1572-77C3-56574B9E9B5F','http://twitter.com','true','true'),
  ('d3b2n9n0s5L6C4W3T0N07870','Daphne Warner','8D6D8E3D-4CC3-5B96-59EC-72026CDD198D','http://google.com','false','true'),
  ('w5t2o2d2t5X0W2G7B4H43117','Xena Slater','8A35DA88-715B-332B-7A1A-0BAB105B17D8','https://walmart.com','false','false'),
  ('x6v6n0u6q2G6J7Q2H0O42803','Mary Phillips','3984C365-FD51-DC2A-09EA-BA25CB74EB44','https://twitter.com','true','false');
INSERT INTO userAccount
(id, username,	password,	avatar,	vip,	admin)	VALUES
  ('c3y4c7q5h1E5Z2O8K2A24890','Lana Cox','73507FD0-9CB2-E2A9-B67D-3CC37022661D','https://nytimes.com','false','true'),
  ('y8l7v1s1e0F2K2M8Q1X50673','Valentine Mccormick','72849E6D-29AC-1A4A-11BA-C21C82CEFD5D','https://naver.com','true','false'),
  ('y7x6k5q8g1L3N2G6N9L11742','Merritt Ruiz','3A56333F-224B-40E6-CB98-2637B9113E5A','https://netflix.com','true','false'),
  ('o3t2n3r2m9F2S5H2B0R23086','Sandra Ewing','1DCF752B-C0FF-3C38-56D9-3F536BC5CB5C','https://guardian.co.uk','false','true'),
  ('g1e2e7f6e4E2T2C4F1C67241','Vivien Ratliff','E2CB7B28-7D2C-B7F1-FBBD-9AB5BDA538D7','http://facebook.com','false','false'),
  ('i1n6x5r1z0P4E8F6F9K68766','Whilemina Arnold','671981CC-954D-5DC6-1837-B4B7F1B7595E','http://wikipedia.org','true','true'),
  ('t1q8r6d4o0E6B6S3S5P08465','Jamalia Boyd','2C527914-BD1F-7C39-7B49-00AC6A3B4AAA','http://walmart.com','true','false'),
  ('u1l6x7z3g6J3H5Z6E8U52025','Bo Anderson','3393887B-C494-E4CF-62A1-6E49934C3917','http://pinterest.com','false','false'),
  ('i3u1h2b3s7J0D4W9D6M46316','Wyatt Gay','81A08DDA-7344-7407-2861-DCB1939998D5','http://yahoo.com','true','true'),
  ('e8f2t1f8d8W6Y4C5W1J57351','Axel Newton','666D8283-DDC5-D834-036C-E819C971ADE9','https://walmart.com','false','true');
INSERT INTO userAccount
(id, username,	password,	avatar,	vip,	admin)	VALUES
  ('x8f0n8h1o5Y8B4T1F3R45458','Uriel Becker','4A8815BD-A816-5687-7246-F7C5B678C21D','http://zoom.us','false','false'),
  ('f3p1e3h6s8A9F1J3S9P59580','Simone Leonard','A99F7C63-71A7-DBA2-59C2-56C2595CDE4E','http://walmart.com','true','false'),
  ('v4e1p1x9m3M3Z5I3V3D21271','Susan Vinson','3AC5B3A5-C73D-0508-1BB0-AFC45B2B2729','http://baidu.com','true','false'),
  ('b8g3i6k5q3C4Q7E4R6T13144','Zenaida Montoya','2F2F3619-0A72-1326-E705-C838B919E4DE','http://youtube.com','false','true'),
  ('o0e4l1s3c6D6M4W0A8L61345','Luke Santana','9EB4BFCD-8062-7566-8EA2-36B28883E651','https://cnn.com','true','true'),
  ('x6y6w6i1x5D0G8M1T3R89764','Alana Reilly','2CCD5175-446E-34E4-C2F2-3637E9A04D7A','https://netflix.com','true','false'),
  ('h1r2v3n9m4H2R8O7J9E84011','Bevis Fox','5E9AE208-A848-558A-BFAA-555C9BE365B9','https://bbc.co.uk','true','true'),
  ('x5w3j3l8s7V5B2R1Y6J36773','Emmanuel Ochoa','5A8675CB-3A35-B6FC-A61D-39DD9CEB1A33','https://bbc.co.uk','true','true'),
  ('q8p7h7t6g2Q5W3G1J2M11228','Xander Lee','72921AA5-11D8-D42F-7582-42BA2C03DC30','http://netflix.com','true','false'),
  ('f3j9d4a2x8J4E3C3G4F12855','Kellie Duncan','17938C3E-2E1E-1CB6-E3CC-3974B32D2421','https://google.com','false','true');
INSERT INTO userAccount
(id, username,	password,	avatar,	vip,	admin)	VALUES
  ('a6l5f7q3i4J9C6T4B8M85100','Alisa Reeves','C216145A-B478-5B2D-D563-64928ECDD2A8','http://pinterest.com','false','true'),
  ('v4t6s6u6m6E3L4S0D9I72731','Ignatius Kirby','E366B6D2-50E2-D343-7BD7-16D252B66C21','https://naver.com','true','false'),
  ('p5g6m8i2j0M5Q8K5X2N00339','Zachery Guerrero','BE4CC43B-6CA4-780B-EAB7-77CE1592D911','http://nytimes.com','true','true'),
  ('h6q3d5e5a4F0E3U0R4K75685','Kibo Slater','A60E4613-D8C2-7104-A160-689371352FDE','https://zoom.us','false','false'),
  ('g3i6g5g3w4E8I0F4V4S52227','Noelani Henry','564DA1EC-0EBA-331E-B203-02ADE52C9C73','http://nytimes.com','true','true'),
  ('x5f4y6f9m1K7B1D2I2X52136','Colorado Caldwell','5EBC6314-BA5E-7361-B747-475939B96D06','https://whatsapp.com','false','false'),
  ('t6m7p6n3l4D8P0Y2D0P57206','Valentine Cooke','B992C8D5-E18D-230B-1357-DAD63E3A7B44','http://walmart.com','true','true'),
  ('g3y6o3d4m6S1Q1X2I3T08828','Kareem Malone','02543E96-F7B6-7456-DFCC-4988BB7A4155','http://google.com','true','false'),
  ('e7u8m0s6m8D4N1O1E5E69424','Howard Caldwell','71118B7B-BE42-3AB8-5E24-7E1ACCFD190A','https://cnn.com','true','false'),
  ('b8f6u5x2d9L3Y8R3N4W66437','Emery Burnett','E6ACA472-5EBA-24F3-D772-5AC4C6345C98','http://facebook.com','true','true');
INSERT INTO userAccount
(id, username,	password,	avatar,	vip,	admin)	VALUES
  ('k0k8v0q5s3S2F6Z8I8E15027','Levi Roberts','8FD7762A-2906-CB96-B34E-A0A6252BEF34','https://guardian.co.uk','false','true'),
  ('p9d2g4d9n8F3L1H8R9T65626','Nayda Henderson','96D871F6-89CD-C8C6-A9E9-8167CF46046B','https://walmart.com','true','false'),
  ('c4b1c8m3e2K5H8H7X6X61435','Wing Soto','7FBCAA3D-CD24-68DB-F224-D7ACADD745EC','https://cnn.com','true','true'),
  ('o4r3e2m3m7N6R6F5Z6B16666','Keegan Madden','2D9D0C59-43B6-554A-816A-AF3C917DEBC6','http://reddit.com','true','true'),
  ('g7r9q4b4w4X4J4M2J5F66721','Theodore Gibson','3DE640BA-7F15-A5FD-3407-57656CFB9445','http://walmart.com','true','false'),
  ('x4o2r5d5i6E2E9T7N3V24800','Dean Richmond','D44A99A4-F67A-6D4E-277D-167D2F2E9658','http://instagram.com','true','true'),
  ('v6w2g2f6g1D5U0V9Q4P35903','Patrick Bradley','A81CD7E6-1C6A-E319-0F67-7521D6374BA2','https://twitter.com','true','false'),
  ('s1j9e8s5t3B2U8Q3Z4M88143','Boris Leonard','D6CBD317-6E0B-F695-ED4A-E381D81676BC','https://guardian.co.uk','false','true'),
  ('h5b5y2x7f1Q3T6H1S4J62662','Glenna Wooten','5BED96C9-4B94-652A-AB95-497BDFE0F135','http://whatsapp.com','false','false'),
  ('y7u7i5c5g6S9I9L5V5D86567','Diana Valdez','CAF20A0D-9D5E-46CD-3016-D92711B9B7D7','https://baidu.com','false','true');
INSERT INTO userAccount
(id, username,	password,	avatar,	vip,	admin)	VALUES
  ('k4q4o9e2n1S5M0N3X1U48829','Charde Slater','851A18E7-9139-EB49-7234-97814415497C','http://naver.com','true','true'),
  ('o6b7i4c2u7X2V3S1W4C63606','Linda Le','4D6E56B3-EBCB-155B-622F-A67C1DF98871','https://netflix.com','false','false'),
  ('g5m0o5e5d2E5U5V3D7N41135','Nero Riddle','C7AFCA90-4657-DA41-B9AC-4A4485B8491B','https://cnn.com','true','true'),
  ('m6i8b5u2u4I2O0P6V7R22733','Robert Roman','68134796-0E7C-0926-A5B3-AB07AF6D9011','https://cnn.com','false','false'),
  ('p2d4y4i0y7X4U6Z4B1G27764','Amir Nixon','C498514C-CA4D-8852-9A01-1DBCFE46811E','http://instagram.com','true','true'),
  ('o8g8s2n7r7L3V9H7L2X11733','Noelle Craig','39854214-3878-9757-E1EB-6A29B89A74D8','http://bbc.co.uk','true','false'),
  ('k7w0k4d2u7P2Y7F9L5M39016','Christian Quinn','B97F4CC6-9D84-8C09-F1AB-E5AEDDBC09D2','http://twitter.com','false','true'),
  ('m8v1t3y2z8U3V8X5O0J79439','Beau Rodgers','5B153588-A577-0BC9-234D-A1E36EFF6983','http://instagram.com','false','true'),
  ('f0w2c2l4f8Q6C2L9N3W59244','Talon Poole','6988E3DC-7CEB-2296-6867-967FD698BAEA','https://walmart.com','true','false'),
  ('v9q6n5x1h4O8Y5L8O8U29134','Kylee Ramsey','9B1F242D-C6EF-437A-FDE8-93689DEFA676','http://bbc.co.uk','false','false');

--! app x 20 -------------------------------------------------------------------

INSERT INTO app (name,	price, monetaryUnit)
VALUES
  ('APP-Arcu Incorporated',				92.45,		'CNY'),
  ('APP-Mus Associates',				47.37,		'EUR'),
  ('APP-Libero Corporation',			15.40,		'CNY'),
  ('APP-Dolor Nonummy',					24.47,		'EUR'),
  ('APP-Non Vestibulum LLC',			28.38,		'CNY'),
  ('APP-Sociis PC',						55.98,		'USD'),
  ('APP-Vulputate',						55.96,		'EUR'),
  ('APP-Scelerisque LLC',				85.37,		'CNY'),
  ('APP-Gravida Inc.',					71.34,		'CNY'),
  ('APP-Eu PC',							95.71,		'USD');
INSERT INTO app (name,	price, monetaryUnit)
VALUES
  ('APP-Sem Eget Massa Industries',		86.86,		'CNY'),
  ('APP-Turpis LLP',					91.16,		'USD'),
  ('APP-Placerat Limited',				46.65,		'CNY'),
  ('APP-Ridiculus Industries',			35.08,		'EUR'),
  ('APP-Posuere Consulting',			83.17,		'CNY'),
  ('APP-Eget PC',						16.43,		'CNY'),
  ('APP-Urna Vivamus LLC',				8.43,		'CNY'),
  ('APP-Elit Industries',				12.19,		'CNY'),
  ('APP-Eget Institute',				24.01,		'USD'),
  ('APP-Porttitor Institute',			58.10,		'USD');

--! sub x 14 -----------------------------------------------

INSERT INTO subscription (name,appId,price,cycle,monetaryUnit)
VALUES
  ('Basic',		1,	10.00,		'90 day',		'EUR'),
  ('Not Basic',		1,	12.00,		'1 year',		'EUR'),
  ('BILIBILI BASIC',		5,	5.20,		'12 month',		'CNY'),
  ('YOUTUBE Premium',		5,	1.10,		'12 month',		'CNY'),
  ('Standard',	2,	2.45,		'4 month',		'CNY'),
  ('b站大会员',	8,	1.20,		'2 month',		'CNY'),
  ('Standard',	6,	1.20,		'1 month',		'EUR'),
  ('Google Standard',	2,	2.45,		'6 month',		'CNY'),
  ('Premium',	3,	50.0,		'6 month',		'USD'),
  ('百度云 Premium',	4,	50.0,		'1 year',		'USD'),
  ('Premium',	7,	1.340,		'12 month',		'CNY'),
  ('网易云 Ultimate',	8,	3.20,		'12 month',		'CNY'),
  ('Ultimate',	4,	34.00,		'1.52 year',	'CNY'),
  ('早餐 Ultimate',	4,	34.10,		'4 month',		'CNY');

-- --! PC x 50 --------------------------------------------------

INSERT INTO paidContent (name,	appId,	price,	monetaryUnit)
VALUES
  ('PC est mollis',			1,		7.00,		'USD'),	
  ('PC sit amet',			4,		78.31,		'JPY'),	
  ('PC nibh lacinia',		10,		72.47,		'JPY'),	
  ('PC ligula. Aenean',		1,		99.35,		'CNY'),	
  ('PC risus. In',			13,		5.42,		'CAD'),	
  ('PC nonummy ipsum',		3,		37.99,		'CAD'),	
  ('PC ullamcorper velit',	1,		99.95,		'GBP'),	
  ('PC vitae nibh.',		12,		35.34,		'CAD'),	
  ('PC nisl arcu',			9,		27.65,		'GBP'),	
  ('PC Donec dignissim',	11,		51.03,		'JPY');
INSERT INTO paidContent (name,	appId,	price,	monetaryUnit)
VALUES
  ('PC tempor augue',		10,		3.65,		'CNY'),	
  ('PC cursus non,	',		1,		63.82,		'CAD'),	
  ('PC eu,	 euismod',		7,		17.28,		'JPY'),	
  ('PC magna. Nam',			15,		92.93,		'EUR'),	
  ('PC non,	 bibendum',		12,		22.22,		'USD'),	
  ('PC dolor sit',			3,		67.92,		'JPY'),	
  ('PC Praesent interdum',	10,		7.40,		'USD'),	
  ('PC Vivamus euismod',	7,		66.79,		'EUR'),	
  ('PC molestie orci',		12,		31.34,		'EUR'),	
  ('PC Curae Phasellus',	16,		59.08,		'JPY');
INSERT INTO paidContent (name,	appId,	price,	monetaryUnit)
VALUES
  ('PC sit amet,	',		11,		39.44,		'USD'),	
  ('PC molestie. Sed',		15,		68.85,		'EUR'),	
  ('PC non ante',			8,		49.77,		'USD'),	
  ('PC at risus.',			14,		34.11,		'GBP'),	
  ('PC vulputate velit',	3,		12.06,		'USD'),	
  ('PC vitae diam.',		7,		38.06,		'GBP'),	
  ('PC ornare. In',			2,		38.01,		'CNY'),	
  ('PC lacinia mattis.',	9,		86.88,		'USD'),	
  ('PC Vivamus molestie',	15,		36.96,		'JPY'),	
  ('PC magna. Suspendisse',	17,		69.64,		'EUR');
INSERT INTO paidContent (name,	appId,	price,	monetaryUnit)
VALUES
  ('PC non lorem',			4,		61.45,		'GBP'),	
  ('PC ligula. Nullam',		18,		85.52,		'JPY'),	
  ('PC eu,	 odio.',		15,		64.88,		'EUR'),	
  ('PC torquent per',		8,		11.11,		'EUR'),	
  ('PC magna. Duis',		13,		72.58,		'JPY'),	
  ('PC sapien imperdiet',	2,		42.82,		'JPY'),	
  ('PC tellus sem',			2,		3.24,		'USD'),	
  ('PC a,	 magna.',		8,		90.20,		'USD'),	
  ('PC enim nec',			15,		81.04,		'EUR'),	
  ('PC libero lacus',		7,		95.35,		'USD');
INSERT INTO paidContent (name,	appId,	price,	monetaryUnit)
VALUES
  ('PC adipiscing elit.',	5,		93.45,		'GBP'),	
  ('PC nulla. Integer',		6,		12.33,		'JPY'),	
  ('PC Duis mi',			6,		7.79,		'USD'),	
  ('PC a purus.',			16,		30.29,		'CAD'),	
  ('PC Phasellus nulla.',	10,		0.37,		'JPY'),	
  ('PC Integer vitae',		4,		68.61,		'GBP'),	
  ('PC magna. Duis',		4,		92.73,		'EUR'),	
  ('PC convallis est',		11,		69.17,		'EUR'),	
  ('PC Pellentesque habitant',		13,	32.60,	'JPY'),	
  ('PC cursus purus.',		6,		72.58,		'JPY');


--! installation x 100 ----------------------------------------

-- INSERT INTO installation (userId, appId, ifUninstalled, date, category)
-- VALUES
--   ('623f144c66c804651a311f54',5,'true','Feb 14, 2023','Efficiency'),
--   ('623f144c66c804651a311f54',19,'true','Dec 21, 2020','Money'),
--   ('623f144c66c804651a311f54',11,'true','Mar 1, 2022','Money'),
--   ('623f144c66c804651a311f54',4,'false','Nov 9, 2020','scifi'),
--   ('623f144c66c804651a311f54',15,'true','Sep 18, 2020','Money'),
--   ('623f144c66c804651a311f54',19,'false','Jan 17, 2021','Self'),
--   ('623f144c66c804651a311f54',6,'false','Aug 6, 2020','Efficiency'),
--   ('623f144c66c804651a311f54',15,'true','May 11, 2022','Money'),
--   ('623f144c66c804651a311f54',2,'true','Sep 15, 2021','Efficiency'),
--   ('623f144c66c804651a311f54',1,'true','Aug 30, 2021','Self');
-- INSERT INTO installation (userId, appId, ifUninstalled, date, category)
-- VALUES
--   ('623f144c66c804651a311f54',13,'false','Apr 14, 2022','Self'),
--   ('623f144c66c804651a311f54',14,'true','Jul 24, 2022','Money'),
--   ('623f144c66c804651a311f54',9,'true','Jan 4, 2021','Self'),
--   ('623f144c66c804651a311f54',12,'false','May 20, 2022','Self'),
--   ('623f144c66c804651a311f54',14,'false','Nov 6, 2020','Money'),
--   ('623f144c66c804651a311f54',10,'true','Apr 5, 2021','Self'),
--   ('623f144c66c804651a311f54',13,'true','Aug 24, 2022','Efficiency'),
--   ('623f144c66c804651a311f54',5,'true','Jun 15, 2021','Self'),
--   ('623f144c66c804651a311f54',15,'true','Oct 3, 2021','scifi'),
--   ('623f144c66c804651a311f54',20,'true','Mar 16, 2022','Art');
-- INSERT INTO installation (userId, appId, ifUninstalled, date, category)
-- VALUES
--   ('623f144c66c804651a311f54',15,'true','Feb 2, 2022','Money'),
--   ('623f144c66c804651a311f54',14,'true','Jun 23, 2022','Efficiency'),
--   ('623f144c66c804651a311f54',20,'false','Nov 12, 2020','scifi'),
--   ('623f144c66c804651a311f54',14,'false','Jul 7, 2022','Self'),
--   ('623f144c66c804651a311f54',9,'true','Dec 31, 2022','scifi'),
--   ('623f144c66c804651a311f54',4,'true','Sep 18, 2022','Money'),
--   ('623f144c66c804651a311f54',14,'false','Sep 23, 2021','Money'),
--   ('623f144c66c804651a311f54',3,'false','Oct 26, 2021','Efficiency'),
--   ('623f144c66c804651a311f54',3,'false','Jul 31, 2022','Money'),
--   ('623f144c66c804651a311f54',14,'false','Oct 5, 2022','Self');
-- INSERT INTO installation (userId, appId, ifUninstalled, date, category)
-- VALUES
--   ('623f144c66c804651a311f54',10,'true','Jul 1, 2020','Money'),
--   ('623f144c66c804651a311f54',16,'true','Sep 17, 2020','Self'),
--   ('623f144c66c804651a311f54',13,'false','May 5, 2021','Money'),
--   ('623f144c66c804651a311f54',13,'false','Mar 25, 2022','Money'),
--   ('623f144c66c804651a311f54',8,'true','Dec 13, 2020','Money'),
--   ('623f144c66c804651a311f54',8,'false','Dec 4, 2021','Money'),
--   ('623f144c66c804651a311f54',12,'true','Aug 28, 2020','scifi'),
--   ('623f144c66c804651a311f54',12,'true','Oct 4, 2020','Money'),
--   ('623f144c66c804651a311f54',20,'false','Sep 21, 2022','Money'),
--   ('623f144c66c804651a311f54',13,'true','Nov 19, 2020','Self');
-- INSERT INTO installation (userId, appId, ifUninstalled, date, category)
-- VALUES
--   ('623f144c66c804651a311f54',19,'false','Apr 5, 2021','Self'),
--   ('623f144c66c804651a311f54',2,'false','Mar 6, 2021','Money'),
--   ('623f144c66c804651a311f54',4,'false','Jun 29, 2022','Money'),
--   ('623f144c66c804651a311f54',18,'false','Mar 7, 2022','Self'),
--   ('623f144c66c804651a311f54',19,'true','Dec 17, 2021','Money'),
--   ('623f144c66c804651a311f54',6,'false','Jan 12, 2023','Self'),
--   ('623f144c66c804651a311f54',4,'false','Jun 9, 2021','Money'),
--   ('623f144c66c804651a311f54',11,'false','Sep 16, 2021','Self'),
--   ('623f144c66c804651a311f54',20,'false','Sep 16, 2022','Self'),
--   ('623f144c66c804651a311f54',10,'false','Apr 27, 2021','Money');
-- INSERT INTO installation (userId, appId, ifUninstalled, date, category)
-- VALUES
--   ('623f144c66c804651a311f54',11,'false','Jul 12, 2020','scifi'),
--   ('623f144c66c804651a311f54',14,'false','Apr 6, 2021','scifi'),
--   ('623f144c66c804651a311f54',3,'false','Feb 28, 2021','Art'),
--   ('623f144c66c804651a311f54',13,'false','Oct 26, 2020','Self'),
--   ('623f144c66c804651a311f54',2,'false','Apr 20, 2021','Self'),
--   ('623f144c66c804651a311f54',2,'true','Jul 11, 2022','Efficiency'),
--   ('623f144c66c804651a311f54',15,'true','Mar 29, 2021','scifi'),
--   ('623f144c66c804651a311f54',13,'false','May 1, 2021','scifi'),
--   ('623f144c66c804651a311f54',7,'true','Dec 13, 2022','Money'),
--   ('623f144c66c804651a311f54',5,'true','Mar 20, 2022','Money');
-- INSERT INTO installation (userId, appId, ifUninstalled, date, category)
-- VALUES
--   ('623f144c66c804651a311f54',14,'false','Apr 2, 2022','Efficiency'),
--   ('623f144c66c804651a311f54',19,'false','Apr 24, 2022','Money'),
--   ('623f144c66c804651a311f54',4,'true','Feb 3, 2022','Self'),
--   ('623f144c66c804651a311f54',17,'true','Jun 15, 2021','Money'),
--   ('623f144c66c804651a311f54',9,'true','May 30, 2022','Art'),
--   ('623f144c66c804651a311f54',8,'true','Nov 24, 2022','scifi'),
--   ('623f144c66c804651a311f54',11,'true','Jul 29, 2020','Self'),
--   ('623f144c66c804651a311f54',1,'true','Jan 18, 2021','Art'),
--   ('623f144c66c804651a311f54',1,'false','Nov 14, 2022','Self'),
--   ('623f144c66c804651a311f54',15,'false','Jan 3, 2021','Money');
-- INSERT INTO installation (userId, appId, ifUninstalled, date, category)
-- VALUES
--   ('623f144c66c804651a311f54',6,'false','Oct 20, 2021','Art'),
--   ('623f144c66c804651a311f54',12,'false','Apr 30, 2022','Money'),
--   ('623f144c66c804651a311f54',14,'true','Aug 10, 2021','scifi'),
--   ('623f144c66c804651a311f54',2,'true','Mar 12, 2022','Self'),
--   ('623f144c66c804651a311f54',14,'true','Jun 13, 2021','scifi'),
--   ('623f144c66c804651a311f54',3,'false','Jul 16, 2022','Efficiency'),
--   ('623f144c66c804651a311f54',19,'false','Aug 26, 2022','Self'),
--   ('623f144c66c804651a311f54',8,'true','Sep 16, 2022','scifi'),
--   ('623f144c66c804651a311f54',2,'true','Jun 10, 2021','scifi'),
--   ('623f144c66c804651a311f54',17,'true','Oct 14, 2022','Money');
-- INSERT INTO installation (userId, appId, ifUninstalled, date)
-- VALUES
--   ('62556bea115616412127d595',11,'false','Aug 26, 2022'),
--   ('62556bea115616412127d595',16,'true','Dec 21, 2021'),
--   ('62556bea115616412127d595',13,'false','Dec 23, 2020'),
--   ('62556bea115616412127d595',7,'false','Jul 1, 2021'),
--   ('62556bea115616412127d595',3,'true','Mar 19, 2022'),
--   ('62556bea115616412127d595',18,'true','Jun 29, 2021'),
--   ('62556bea115616412127d595',16,'false','Dec 31, 2021'),
--   ('62556bea115616412127d595',16,'false','Oct 9, 2022'),
--   ('62556bea115616412127d595',16,'true','Sep 29, 2020'),
--   ('62556bea115616412127d595',7,'true','Sep 23, 2021');
-- INSERT INTO installation (userId, appId, ifUninstalled, date)
-- VALUES
--   ('62556bea115616412127d595',15,'false','Jul 31, 2020'),
--   ('62556bea115616412127d595',3,'true','May 24, 2021'),
--   ('62556bea115616412127d595',18,'true','Jan 7, 2022'),
--   ('62556bea115616412127d595',7,'true','May 7, 2022'),
--   ('62556bea115616412127d595',15,'false','Feb 6, 2021'),
--   ('62556bea115616412127d595',6,'true','Apr 3, 2021'),
--   ('62556bea115616412127d595',10,'true','Dec 8, 2022'),
--   ('62556bea115616412127d595',8,'true','Jun 29, 2020'),
--   ('62556bea115616412127d595',19,'false','Mar 7, 2022'),
--   ('62556bea115616412127d595',15,'false','Aug 19, 2021');

-- -- ! renewal 70 -----------------------------------
--INSERT INTO renewal (userId,subscriptionId,startDate,numberOfRenewal,reminder,category)
INSERT INTO renewal (userId,subscriptionId,numberOfRenewal,reminder,category,startDate,autoRenewal)
VALUES
  ('623f144c66c804651a311f54',9,1,'true','Money','2020-05-05',false ),
  ('623f144c66c804651a311f54',6,0,'false','fun','2018-06-03',false ),
  ('623f144c66c804651a311f54',10,4,'false','Efficiency','2021-01-11',true ),
  ('623f144c66c804651a311f54',3,6,'false','Self','2020-08-07',true ),
  ('623f144c66c804651a311f54',10,6,'true','scifi','2014-10-29',true ),
  ('623f144c66c804651a311f54',11,4,'true','Art','2015-04-21',true ),
  ('623f144c66c804651a311f54',10,1,'false','fun','2016-06-28',true ),
  ('623f144c66c804651a311f54',3,0,'false','Money','2018-03-19',true ),
  ('623f144c66c804651a311f54',2,7,'true','Money','2017-02-02',false ),
  ('623f144c66c804651a311f54',8,4,'true','fun','2018-08-25',false );
INSERT INTO renewal (userId,subscriptionId,numberOfRenewal,reminder,category,startDate,autoRenewal)
VALUES
  ('623f144c66c804651a311f54',12,5,'true','scifi','2021-01-11',true ),
  ('623f144c66c804651a311f54',2,8,'false','Self','2020-08-07',true ),
  ('623f144c66c804651a311f54',9,3,'true','Money','2014-10-29',true ),
  ('623f144c66c804651a311f54',1,3,'false','fun','2015-04-21',true ),
  ('623f144c66c804651a311f54',3,7,'true','fun','2016-06-28',true ),
  ('623f144c66c804651a311f54',13,5,'true','scifi','2018-03-19',true ),
  ('623f144c66c804651a311f54',10,6,'true','Efficiency','2017-02-02',false ),
  ('623f144c66c804651a311f54',7,0,'true','fun','2018-08-25',false ),
  ('623f144c66c804651a311f54',1,0,'false','fun','2019-10-16', false),
  ('623f144c66c804651a311f54',12,3,'false','Self','2018-02-13', false);
INSERT INTO renewal (userId,subscriptionId,numberOfRenewal,reminder,category,startDate,autoRenewal)
VALUES
  ('625569c97e504a6c3b71a25c',5,1,'false','fun','2021-01-11',true ),
  ('625569c97e504a6c3b71a25c',2,6,'false','Money','2020-08-07',true ),
  ('625569c97e504a6c3b71a25c',12,5,'true','fun','2014-10-29',true ),
  ('625569c97e504a6c3b71a25c',7,5,'true','Money','2015-04-21',true ),
  ('625569c97e504a6c3b71a25c',10,1,'true','Money','2016-06-28',true ),
  ('625569c97e504a6c3b71a25c',6,5,'true','Art','2018-03-19',true ),
  ('625569c97e504a6c3b71a25c',2,1,'false','Art','2017-02-02',false ),
  ('625569c97e504a6c3b71a25c',11,5,'false','Money','2018-08-25',false ),
  ('625569c97e504a6c3b71a25c',9,1,'true','boring','2019-10-16', false),
  ('625569c97e504a6c3b71a25c',7,2,'true','Efficiency','2018-02-13', false);
INSERT INTO renewal (userId,subscriptionId,numberOfRenewal,reminder,category,startDate,autoRenewal)
VALUES
  ('625569c97e504a6c3b71a25c',5,0,'true','fun','2014-10-29',true ),
  ('625569c97e504a6c3b71a25c',11,2,'false','Self','2015-04-21',true ),
  ('625569c97e504a6c3b71a25c',11,7,'false','Self','2016-06-28',true ),
  ('625569c97e504a6c3b71a25c',11,8,'false','Efficiency','2018-03-19',true ),
  ('625569c97e504a6c3b71a25c',4,1,'true','boring','2017-02-02',false ),
  ('625569c97e504a6c3b71a25c',12,6,'true','fun','2018-08-25',false ),
  ('625569c97e504a6c3b71a25c',4,2,'true','boring','2019-10-16', false),
  ('625569c97e504a6c3b71a25c',3,3,'false','scifi','2018-02-13', false),
  ('625569c97e504a6c3b71a25c',12,4,'false','fun','2015-01-16', true),
  ('625569c97e504a6c3b71a25c',3,6,'false','fun','2021-06-10', true);
INSERT INTO renewal (userId,subscriptionId,numberOfRenewal,reminder,category,startDate,autoRenewal)
VALUES
  ('625569c97e504a6c3b71a25c',8,5,'true','Money','2020-08-07',true ),
  ('625569c97e504a6c3b71a25c',8,5,'true','scifi','2014-10-29',true ),
  ('625569c97e504a6c3b71a25c',4,3,'false','fun','2015-04-21',true ),
  ('625569c97e504a6c3b71a25c',8,3,'true','Efficiency','2016-06-28',true ),
  ('625569c97e504a6c3b71a25c',11,2,'false','Self','2018-03-19',true ),
  ('625569c97e504a6c3b71a25c',6,7,'true','Art','2017-02-02',false ),
  ('625569c97e504a6c3b71a25c',1,7,'false','Money','2018-08-25',false ),
  ('625569c97e504a6c3b71a25c',11,1,'true','Money','2019-10-16', false),
  ('625569c97e504a6c3b71a25c',3,8,'true','boring','2018-02-13', false),
  ('625569c97e504a6c3b71a25c',2,5,'false','scifi','2015-01-16', true);
INSERT INTO renewal (userId,subscriptionId,numberOfRenewal,reminder,startDate,autoRenewal)
VALUES
  ('62556bea115616412127d595',6,8,'false','2018-06-03',false ),
  ('62556bea115616412127d595',11,5,'false','2021-01-11',true ),
  ('62556bea115616412127d595',6,1,'false','2020-08-07',true ),
  ('62556bea115616412127d595',10,4,'true','2014-10-29',true ),
  ('62556bea115616412127d595',7,0,'false','2015-04-21',true ),
  ('62556bea115616412127d595',10,0,'true','2018-08-25',false ),
  ('62556bea115616412127d595',3,5,'true','2019-10-16', false),
  ('62556bea115616412127d595',2,8,'false','2018-02-13', false),
  ('62556bea115616412127d595',7,0,'true','2015-01-16', true),
  ('62556bea115616412127d595',12,2,'false','2021-06-10', true);
-- INSERT INTO renewal (userId,subscriptionId,numberOfRenewal,reminder,startDate,autoRenewal)
-- VALUES
--   ('62556bea115616412127d595',10,7,'true','2018-06-03',false ),
--   ('62556bea115616412127d595',13,5,'false','2021-01-11',true ),
--   ('62556bea115616412127d595',7,0,'false','2020-08-07',true ),
--   ('62556bea115616412127d595',3,4,'true','2014-10-29',true ),
--   ('62556bea115616412127d595',6,7,'true','2015-04-21',true ),
--   ('62556bea115616412127d595',10,8,'false','2018-08-25',false ),
--   ('62556bea115616412127d595',10,7,'true','2019-10-16', false),
--   ('62556bea115616412127d595',11,7,'false','2018-02-13', false),
--   ('62556bea115616412127d595',12,2,'false','2015-01-16', true),
--   ('62556bea115616412127d595',12,4,'true','2021-06-10', true);


-- -- ! purchase x 70 ------------------------------

INSERT INTO purchase (userId, paidContentId, date, timeLimit, category)
VALUES
  ('623f144c66c804651a311f54',20,'Dec 27, 2022','7 month','Money'),
  ('623f144c66c804651a311f54',15,'Nov 11, 2019','3 year','Self'),
  ('623f144c66c804651a311f54',9,'Jan 20, 2021','5 day','Art'),
  ('623f144c66c804651a311f54',33,'Jul 5, 2020','8 year','Art'),
  ('623f144c66c804651a311f54',35,'Feb 21, 2022','5 day','fun'),
  ('623f144c66c804651a311f54',19,'Jan 1, 2023','10 year','Art'),
  ('623f144c66c804651a311f54',14,'Dec 6, 2021','7 day','Efficiency'),
  ('623f144c66c804651a311f54',5,'Dec 25, 2020','11 week','Money'),
  ('623f144c66c804651a311f54',8,'May 25, 2022','11 day','Money'),
  ('623f144c66c804651a311f54',1,'Feb 27, 2020','10 day','scifi');
INSERT INTO purchase (userId, paidContentId, date, timeLimit, category)
VALUES
  ('623f144c66c804651a311f54',24,'Feb 8, 2020','9 year','Self'),
  ('623f144c66c804651a311f54',16,'Mar 16, 2022','6 year','Efficiency'),
  ('623f144c66c804651a311f54',21,'Oct 8, 2022','3 day','fun'),
  ('623f144c66c804651a311f54',34,'Sep 27, 2019','3 month','scifi'),
  ('623f144c66c804651a311f54',4,'Jan 12, 2023','7 day','Self'),
  ('623f144c66c804651a311f54',2,'Aug 19, 2019','8 year','boring'),
  ('623f144c66c804651a311f54',22,'Apr 4, 2021','1 day','fun'),
  ('623f144c66c804651a311f54',23,'Mar 27, 2020','6 day','Efficiency'),
  ('623f144c66c804651a311f54',26,'Sep 1, 2022','1 week','fun'),
  ('623f144c66c804651a311f54',37,'Mar 16, 2020','2 week','Efficiency');
-- INSERT INTO purchase (userId, paidContentId, date, timeLimit, category)
-- VALUES
--   ('623f144c66c804651a311f54',16,'Jul 12, 2022','12 week','boring'),
--   ('623f144c66c804651a311f54',12,'Aug 4, 2020','6 year','Money'),
--   ('623f144c66c804651a311f54',8,'Jul 15, 2022','2 month','Self'),
--   ('623f144c66c804651a311f54',11,'Jan 22, 2022','5 day','fun'),
--   ('623f144c66c804651a311f54',18,'Dec 27, 2020','6 week','fun'),
--   ('623f144c66c804651a311f54',33,'May 28, 2020','4 day','fun'),
--   ('623f144c66c804651a311f54',4,'Feb 15, 2020','8 day','fun'),
--   ('623f144c66c804651a311f54',27,'Apr 19, 2021','5 day','Money'),
--   ('623f144c66c804651a311f54',17,'Feb 10, 2023','6 year','Self'),
--   ('623f144c66c804651a311f54',8,'Sep 4, 2020','1 week','Money');
-- INSERT INTO purchase (userId, paidContentId, date, timeLimit, category)
-- VALUES
--   ('623f144c66c804651a311f54',36,'Jan 22, 2023','7 year','Art'),
--   ('623f144c66c804651a311f54',30,'Sep 11, 2021','4 year','Self'),
--   ('623f144c66c804651a311f54',9,'Jun 10, 2022','10 day','Self'),
--   ('623f144c66c804651a311f54',9,'Mar 8, 2020','11 month','Efficiency'),
--   ('623f144c66c804651a311f54',16,'Oct 13, 2020','9 year','Self'),
--   ('623f144c66c804651a311f54',6,'Mar 18, 2022','12 week','scifi'),
--   ('623f144c66c804651a311f54',17,'Jan 28, 2021','9 year','Art'),
--   ('623f144c66c804651a311f54',36,'Dec 7, 2022','12 day','Money'),
--   ('623f144c66c804651a311f54',5,'Apr 15, 2022','10 week','Money'),
--   ('623f144c66c804651a311f54',19,'Oct 12, 2020','9 day','fun');
-- INSERT INTO purchase (userId, paidContentId, date, timeLimit, category)
-- VALUES
--   ('623f144c66c804651a311f54',16,'Mar 4, 2020','4 week','Self'),
--   ('623f144c66c804651a311f54',34,'Jun 15, 2022','7 year','fun'),
--   ('623f144c66c804651a311f54',29,'Jan 14, 2020','4 day','scifi'),
--   ('623f144c66c804651a311f54',13,'Feb 4, 2022','3 month','Money'),
--   ('623f144c66c804651a311f54',20,'Nov 18, 2021','9 week','scifi'),
--   ('623f144c66c804651a311f54',4,'Jan 12, 2023','4 day','Self'),
--   ('623f144c66c804651a311f54',33,'Mar 5, 2020','7 day','scifi'),
--   ('623f144c66c804651a311f54',32,'Aug 11, 2020','6 day','Self'),
--   ('623f144c66c804651a311f54',1,'Feb 29, 2020','9 day','scifi'),
--   ('623f144c66c804651a311f54',22,'Jun 10, 2022','8 year','Efficiency');
-- INSERT INTO purchase (userId, paidContentId, date, timeLimit)
-- VALUES
--   ('623f144c66c804651a311f54',31,'Dec 18, 2019','9 month'),
--   ('623f144c66c804651a311f54',15,'Jan 25, 2021','9 year'),
--   ('623f144c66c804651a311f54',3,'Feb 22, 2023','6 day'),
--   ('623f144c66c804651a311f54',30,'Dec 2, 2019','5 month'),
--   ('623f144c66c804651a311f54',25,'Sep 21, 2022','7 day'),
--   ('623f144c66c804651a311f54',2,'Jun 6, 2022','9 day'),
--   ('623f144c66c804651a311f54',11,'Sep 20, 2022','6 day'),
--   ('623f144c66c804651a311f54',34,'Sep 24, 2022','6 week'),
--   ('623f144c66c804651a311f54',9,'Sep 19, 2021','10 month'),
--   ('623f144c66c804651a311f54',12,'Sep 26, 2021','5 year');
-- INSERT INTO purchase (userId, paidContentId, date, timeLimit)
-- VALUES
--   ('623f144c66c804651a311f54',19,'Feb 20, 2022','9 year'),
--   ('623f144c66c804651a311f54',27,'Oct 20, 2019','8 day'),
--   ('623f144c66c804651a311f54',27,'Mar 29, 2021','8 year'),
--   ('623f144c66c804651a311f54',22,'May 17, 2021','5 day'),
--   ('623f144c66c804651a311f54',13,'Jun 20, 2021','9 year'),
--   ('623f144c66c804651a311f54',9,'Nov 1, 2019','10 week'),
--   ('623f144c66c804651a311f54',29,'Dec 27, 2021','6 year'),
--   ('623f144c66c804651a311f54',9,'Dec 6, 2022','9 day'),
--   ('623f144c66c804651a311f54',17,'Nov 27, 2020','2 year'),
--   ('623f144c66c804651a311f54',33,'Jul 30, 2020','8 year');

-- -- ! 80 device ------------------ 


INSERT INTO device (userId, name, model,storage)
VALUES
  ('623f144c66c804651a311f54','vitae aliquam eros','iPhone','4000'),
  ('623f144c66c804651a311f54','non, lobortis quis,','iMac','1000'),
  ('623f144c66c804651a311f54','orci tincidunt adipiscing.','SSD','4'),
  ('623f144c66c804651a311f54','lorem lorem, luctus','Laptop','1024'),
  ('623f144c66c804651a311f54','diam at pretium','Lenovo','4'),
  ('623f144c66c804651a311f54','neque sed sem','Laptop','4000'),
  ('623f144c66c804651a311f54','Quisque ac libero','Dell','128'),
  ('623f144c66c804651a311f54','magna et ipsum','Chrome book','2000'),
  ('623f144c66c804651a311f54','facilisi. Sed neque.','iMac','32'),
  ('623f144c66c804651a311f54','dui lectus rutrum','iPhone','1000');
INSERT INTO device (userId, name, model,storage)
VALUES
  ('623f144c66c804651a311f54','pellentesque massa lobortis','Envy','2000'),
  ('623f144c66c804651a311f54','inceptos hymenaeos. Mauris','Dell','2000'),
  ('623f144c66c804651a311f54','Curabitur egestas nunc','Chrome book','4000'),
  ('623f144c66c804651a311f54','vitae, orci. Phasellus','Dell','2'),
  ('623f144c66c804651a311f54','in sodales elit','Dell','4000'),
  ('623f144c66c804651a311f54','tincidunt congue turpis.','Lenovo','4000'),
  ('623f144c66c804651a311f54','hendrerit id, ante.','iPod','6'),
  ('623f144c66c804651a311f54','ante. Maecenas mi','Harddrive','4000'),
  ('623f144c66c804651a311f54','nec ligula consectetuer','Envy','4'),
  ('623f144c66c804651a311f54','dis parturient montes,','Razer','2000');
-- INSERT INTO device (userId, name, model,storage)
-- VALUES
--   ('623f144c66c804651a311f54','vitae semper egestas,','iMac','1'),
--   ('623f144c66c804651a311f54','Cras eu tellus','Laptop','4000'),
--   ('623f144c66c804651a311f54','Nulla semper tellus','iPhone','1000'),
--   ('623f144c66c804651a311f54','neque sed dictum','Envy','128'),
--   ('623f144c66c804651a311f54','non, cursus non,','iMac','32'),
--   ('623f144c66c804651a311f54','lectus pede et','iPod','6'),
--   ('623f144c66c804651a311f54','ultrices sit amet,','Chrome book','3000'),
--   ('623f144c66c804651a311f54','et tristique pellentesque,','Harddrive','1024'),
--   ('623f144c66c804651a311f54','Vestibulum ante ipsum','Laptop','32'),
--   ('623f144c66c804651a311f54','eu dolor egestas','iPhone','2');
-- INSERT INTO device (userId, name, model,storage)
-- VALUES
--   ('623f144c66c804651a311f54','commodo tincidunt nibh.','Razer','3000'),
--   ('623f144c66c804651a311f54','ridiculus mus. Proin','Dell','1'),
--   ('623f144c66c804651a311f54','mauris a nunc.','Chrome book','4000'),
--   ('623f144c66c804651a311f54','ipsum. Suspendisse non','Razer','32'),
--   ('623f144c66c804651a311f54','feugiat metus sit','SSD','4000'),
--   ('623f144c66c804651a311f54','et risus. Quisque','PC','1000'),
--   ('623f144c66c804651a311f54','Curabitur massa. Vestibulum','iPhone','2'),
--   ('623f144c66c804651a311f54','in faucibus orci','iMac','1024'),
--   ('623f144c66c804651a311f54','suscipit, est ac','Laptop','1000'),
--   ('623f144c66c804651a311f54','Donec est. Nunc','SSD','32');
-- INSERT INTO device (userId, name, model,storage)
-- VALUES
--   ('623f144c66c804651a311f54','non justo. Proin','Chrome book','1'),
--   ('623f144c66c804651a311f54','Nulla dignissim. Maecenas','Laptop','2'),
--   ('623f144c66c804651a311f54','purus ac tellus.','iPhone','1'),
--   ('623f144c66c804651a311f54','Quisque fringilla euismod','Chrome book','2'),
--   ('623f144c66c804651a311f54','at, iaculis quis,','Razer','64'),
--   ('623f144c66c804651a311f54','conubia nostra, per','Razer','2'),
--   ('623f144c66c804651a311f54','tempor bibendum. Donec','iPod','128'),
--   ('623f144c66c804651a311f54','lobortis, nisi nibh','iPhone','1024'),
--   ('623f144c66c804651a311f54','penatibus et magnis','Harddrive','128'),
--   ('623f144c66c804651a311f54','Maecenas mi felis,','SSD','2');
-- INSERT INTO device (userId, name, model,storage)
-- VALUES
--   ('623f144c66c804651a311f54','ac orci. Ut','Harddrive','1000'),
--   ('623f144c66c804651a311f54','eget nisi dictum','Harddrive','4000'),
--   ('623f144c66c804651a311f54','eu odio tristique','iPad','3000'),
--   ('623f144c66c804651a311f54','ut eros non','Lenovo','2'),
--   ('623f144c66c804651a311f54','Fusce mi lorem,','Chrome book','1'),
--   ('623f144c66c804651a311f54','Duis a mi','Harddrive','64'),
--   ('623f144c66c804651a311f54','sit amet, risus.','Dell','32'),
--   ('623f144c66c804651a311f54','diam vel arcu.','Harddrive','3000'),
--   ('623f144c66c804651a311f54','eros non enim','Chrome book','128'),
--   ('623f144c66c804651a311f54','in faucibus orci','Laptop','128');
-- INSERT INTO device (userId, name, model,storage)
-- VALUES
--   ('623f144c66c804651a311f54','Ut sagittis lobortis','iMac','2000'),
--   ('623f144c66c804651a311f54','amet ante. Vivamus','Laptop','32'),
--   ('623f144c66c804651a311f54','pede nec ante','iPhone','1'),
--   ('623f144c66c804651a311f54','non sapien molestie','Razer','128'),
--   ('623f144c66c804651a311f54','euismod in, dolor.','Dell','128'),
--   ('623f144c66c804651a311f54','eu dolor egestas','iPad','1000'),
--   ('623f144c66c804651a311f54','vel, mauris. Integer','Razer','6'),
--   ('623f144c66c804651a311f54','Cras sed leo.','Harddrive','4000'),
--   ('623f144c66c804651a311f54','blandit. Nam nulla','iPad','6'),
--   ('623f144c66c804651a311f54','ut odio vel','Envy','3000');
-- INSERT INTO device (userId, name, model,storage)
-- VALUES
--   ('623f144c66c804651a311f54','lorem ac risus.','iPhone','2'),
--   ('623f144c66c804651a311f54','sit amet, dapibus','Lenovo','4'),
--   ('623f144c66c804651a311f54','purus. Duis elementum,','Harddrive','128'),
--   ('623f144c66c804651a311f54','Curabitur sed tortor.','Lenovo','4000'),
--   ('623f144c66c804651a311f54','dolor quam, elementum','PC','1000'),
--   ('623f144c66c804651a311f54','volutpat nunc sit','Lenovo','2000'),
--   ('623f144c66c804651a311f54','magna et ipsum','HDD','1024'),
--   ('623f144c66c804651a311f54','gravida sagittis. Duis','SSD','4000'),
--   ('623f144c66c804651a311f54','nunc est, mollis','Laptop','2'),
--   ('623f144c66c804651a311f54','mauris erat eget','PC','2000');

-- -- ! work x 100 ------------------------------------



INSERT INTO work (userId, deviceId, name, copyright,category)
VALUES
  ('623f144c66c804651a311f54',1,'feugiat. Lorem ipsum dolor sit','yes','article'),
  ('623f144c66c804651a311f54',2,'dui quis accumsan convallis, ante','Createive Commons','favirite'),
  ('623f144c66c804651a311f54',2,'sollicitudin orci sem eget massa.','MIT','fun'),
  ('623f144c66c804651a311f54',3,'sit amet, consectetuer adipiscing elit.','no','painting'),
  ('623f144c66c804651a311f54',4,'Class aptent taciti sociosqu ad','Createive Commons','good'),
  ('623f144c66c804651a311f54',5,'est. Nunc laoreet lectus quis','MGL','news'),
  ('623f144c66c804651a311f54',6,'risus, at fringilla purus mauris','MGL','news'),
  ('623f144c66c804651a311f54',7,'dis parturient montes, nascetur ridiculus','MGL','fun'),
  ('623f144c66c804651a311f54',8,'Proin vel arcu eu odio','no','nogood'),
  ('623f144c66c804651a311f54',9,'sem elit, pharetra ut, pharetra','MGL','article');
INSERT INTO work (userId, deviceId, name, copyright,category)
VALUES
  ('623f144c66c804651a311f54',3,'quam dignissim pharetra. Nam ac','Createive Commons','favirite'),
  ('623f144c66c804651a311f54',1,'felis ullamcorper viverra. Maecenas iaculis','MGL','fan'),
  ('623f144c66c804651a311f54',3,'Mauris nulla. Integer urna. Vivamus','Createive Commons','good'),
  ('623f144c66c804651a311f54',2,'amet, dapibus id, blandit at,','no','favirite'),
  ('623f144c66c804651a311f54',2,'quam. Pellentesque habitant morbi tristique','Createive Commons','music'),
  ('623f144c66c804651a311f54',3,'Maecenas mi felis, adipiscing fringilla,','FREE','book'),
  ('623f144c66c804651a311f54',5,'amet massa. Quisque porttitor eros','yes','news'),
  ('623f144c66c804651a311f54',1,'facilisis eget, ipsum. Donec sollicitudin','Createive Commons','music'),
  ('623f144c66c804651a311f54',3,'lacus. Cras interdum. Nunc sollicitudin','MGL','music'),
  ('623f144c66c804651a311f54',2,'non magna. Nam ligula elit,','yes','music');
-- INSERT INTO work (userId, deviceId, name, copyright,category)
-- VALUES
--   ('623f144c66c804651a311f54',67,'in magna. Phasellus dolor elit,','yes','scifi'),
--   ('623f144c66c804651a311f54',49,'aptent taciti sociosqu ad litora','yes','fan'),
--   ('623f144c66c804651a311f54',67,'consequat auctor, nunc nulla vulputate','yes','bad'),
--   ('623f144c66c804651a311f54',48,'leo. Vivamus nibh dolor, nonummy','MIT','painting'),
--   ('623f144c66c804651a311f54',28,'lorem ac risus. Morbi metus.','Createive Commons','music'),
--   ('623f144c66c804651a311f54',42,'placerat, augue. Sed molestie. Sed','MGL','article'),
--   ('623f144c66c804651a311f54',34,'Integer mollis. Integer tincidunt aliquam','MGL','news'),
--   ('623f144c66c804651a311f54',45,'sem ut dolor dapibus gravida.','MIT','bad'),
--   ('623f144c66c804651a311f54',8,'ultrices posuere cubilia Curae Donec','MGL','news'),
--   ('623f144c66c804651a311f54',17,'Ut tincidunt vehicula risus. Nulla','yes','painting');
-- INSERT INTO work (userId, deviceId, name, copyright,category)
-- VALUES
--   ('623f144c66c804651a311f54',42,'tristique pellentesque, tellus sem mollis','MGL','music'),
--   ('623f144c66c804651a311f54',67,'Integer sem elit, pharetra ut,','MIT','scifi'),
--   ('623f144c66c804651a311f54',15,'eu tellus. Phasellus elit pede,','MGL','music'),
--   ('623f144c66c804651a311f54',26,'euismod in, dolor. Fusce feugiat.','MGL','literature'),
--   ('623f144c66c804651a311f54',40,'ut, pharetra sed, hendrerit a,','MGL','scifi'),
--   ('623f144c66c804651a311f54',55,'parturient montes, nascetur ridiculus mus.','no','ART'),
--   ('623f144c66c804651a311f54',5,'eu, ultrices sit amet, risus.','MGL','ART'),
--   ('623f144c66c804651a311f54',52,'non massa non ante bibendum','MGL','news'),
--   ('623f144c66c804651a311f54',7,'montes, nascetur ridiculus mus. Donec','MGL','nogood'),
--   ('623f144c66c804651a311f54',60,'tincidunt nibh. Phasellus nulla. Integer','Createive Commons','bad');
-- INSERT INTO work (userId, deviceId, name, copyright,category)
-- VALUES
--   ('623f144c66c804651a311f54',3,'lorem, auctor quis, tristique ac,','no','favirite'),
--   ('623f144c66c804651a311f54',11,'elit elit fermentum risus, at','yes','fun'),
--   ('623f144c66c804651a311f54',48,'Duis risus odio, auctor vitae,','FREE','good'),
--   ('623f144c66c804651a311f54',26,'arcu. Nunc mauris. Morbi non','MGL','scifi'),
--   ('623f144c66c804651a311f54',50,'enim, gravida sit amet, dapibus','no','scifi'),
--   ('623f144c66c804651a311f54',43,'Vivamus sit amet risus. Donec','no','literature'),
--   ('623f144c66c804651a311f54',17,'semper cursus. Integer mollis. Integer','MGL','fan'),
--   ('623f144c66c804651a311f54',47,'at auctor ullamcorper, nisl arcu','no','news'),
--   ('623f144c66c804651a311f54',37,'blandit viverra. Donec tempus, lorem','no','favirite'),
--   ('623f144c66c804651a311f54',66,'id nunc interdum feugiat. Sed','no','scifi');
-- INSERT INTO work (userId, deviceId, name, copyright,category)
-- VALUES
--   ('623f144c66c804651a311f54',45,'convallis ligula. Donec luctus aliquet','no','favirite'),
--   ('623f144c66c804651a311f54',44,'nisl. Maecenas malesuada fringilla est.','yes','good'),
--   ('623f144c66c804651a311f54',46,'elementum, lorem ut aliquam iaculis,','MGL','music'),
--   ('623f144c66c804651a311f54',67,'non, luctus sit amet, faucibus','yes','music'),
--   ('623f144c66c804651a311f54',1,'nec luctus felis purus ac','yes','article'),
--   ('623f144c66c804651a311f54',13,'purus, in molestie tortor nibh','FREE','good'),
--   ('623f144c66c804651a311f54',33,'tellus lorem eu metus. In','FREE','bad'),
--   ('623f144c66c804651a311f54',24,'posuere at, velit. Cras lorem','yes','painting'),
--   ('623f144c66c804651a311f54',61,'luctus, ipsum leo elementum sem,','yes','news'),
--   ('623f144c66c804651a311f54',12,'varius. Nam porttitor scelerisque neque.','no','music');
-- INSERT INTO work (userId, deviceId, name, copyright,category)
-- VALUES
--   ('623f144c66c804651a311f54',47,'molestie dapibus ligula. Aliquam erat','no','music'),
--   ('623f144c66c804651a311f54',21,'nec, malesuada ut, sem. Nulla','MGL','nogood'),
--   ('623f144c66c804651a311f54',59,'Quisque libero lacus, varius et,','yes','scifi'),
--   ('623f144c66c804651a311f54',58,'orci sem eget massa. Suspendisse','MGL','music'),
--   ('623f144c66c804651a311f54',27,'inceptos hymenaeos. Mauris ut quam','no','fun'),
--   ('623f144c66c804651a311f54',63,'erat. Sed nunc est, mollis','Createive Commons','good'),
--   ('623f144c66c804651a311f54',60,'Aliquam vulputate ullamcorper magna. Sed','Createive Commons','news'),
--   ('623f144c66c804651a311f54',12,'egestas rhoncus. Proin nisl sem,','yes','good'),
--   ('623f144c66c804651a311f54',59,'sit amet, consectetuer adipiscing elit.','MIT','book'),
--   ('623f144c66c804651a311f54',3,'rutrum non, hendrerit id, ante.','Createive Commons','fun');
-- INSERT INTO work (userId, deviceId, name, copyright,category)
-- VALUES
--   ('623f144c66c804651a311f54',35,'et magnis dis parturient montes,','MGL','music'),
--   ('623f144c66c804651a311f54',63,'sem, consequat nec, mollis vitae,','MGL','news'),
--   ('623f144c66c804651a311f54',51,'Nunc sed orci lobortis augue','no','music'),
--   ('623f144c66c804651a311f54',37,'sed tortor. Integer aliquam adipiscing','MGL','scifi'),
--   ('623f144c66c804651a311f54',34,'ac mattis semper, dui lectus','yes','news'),
--   ('623f144c66c804651a311f54',66,'hendrerit consectetuer, cursus et, magna.','MGL','news'),
--   ('623f144c66c804651a311f54',30,'aliquam eu, accumsan sed, facilisis','MGL','article'),
--   ('623f144c66c804651a311f54',58,'eu, ultrices sit amet, risus.','no','ART'),
--   ('623f144c66c804651a311f54',64,'semper erat, in consectetuer ipsum','Createive Commons','news'),
--   ('623f144c66c804651a311f54',4,'Fusce dolor quam, elementum at,','Createive Commons','scifi');
-- INSERT INTO work (userId, deviceId, name, copyright)
-- VALUES
--   ('623f144c66c804651a311f54',12,'dictum. Phasellus in felis. Nulla','MGL'),
--   ('623f144c66c804651a311f54',61,'turpis vitae purus gravida sagittis.','yes'),
--   ('623f144c66c804651a311f54',57,'fringilla euismod enim. Etiam gravida','MIT'),
--   ('623f144c66c804651a311f54',45,'neque. Nullam nisl. Maecenas malesuada','Createive Commons'),
--   ('623f144c66c804651a311f54',9,'odio, auctor vitae, aliquet nec,','yes'),
--   ('623f144c66c804651a311f54',45,'turpis vitae purus gravida sagittis.','Createive Commons'),
--   ('623f144c66c804651a311f54',62,'non, luctus sit amet, faucibus','yes'),
--   ('623f144c66c804651a311f54',42,'ac risus. Morbi metus. Vivamus','yes'),
--   ('623f144c66c804651a311f54',22,'Morbi quis urna. Nunc quis','FREE'),
--   ('623f144c66c804651a311f54',5,'risus. Duis a mi fringilla','MGL');
-- INSERT INTO work (userId, deviceId, name)
-- VALUES
--   ('623f144c66c804651a311f54',43,'mi felis, adipiscing fringilla, porttitor'),
--   ('623f144c66c804651a311f54',65,'dolor. Fusce mi lorem, vehicula'),
--   ('623f144c66c804651a311f54',12,'id nunc interdum feugiat. Sed'),
--   ('623f144c66c804651a311f54',53,'in, tempus eu, ligula. Aenean'),
--   ('623f144c66c804651a311f54',17,'turpis vitae purus gravida sagittis.'),
--   ('623f144c66c804651a311f54',23,'massa non ante bibendum ullamcorper.'),
--   ('623f144c66c804651a311f54',38,'cursus luctus, ipsum leo elementum'),
--   ('623f144c66c804651a311f54',58,'venenatis a, magna. Lorem ipsum'),
--   ('623f144c66c804651a311f54',8,'consequat dolor vitae dolor. Donec'),
--   ('623f144c66c804651a311f54',28,'a neque. Nullam ut nisi');
